{"cameraMode":{"drawMode":0,"name":"Shaded","section":"Shading Mode"},"sceneLighting":false,"audioPlay":false,"sceneViewState":{"showFog":true,"showMaterialUpdate":false,"showSkybox":true,"showFlares":true,"showImageEffects":true,"showParticleSystems":true},"in2DMode":false,"pivot":{"x":3.642043352127075,"y":1.0179425477981568,"z":-1.7219247817993165},"rotation":{"x":0.025802932679653169,"y":-0.017999835312366487,"z":0.00041863296064548194,"w":0.9995248913764954},"size":16.897804260253908,"orthographic":false}